{"current":{"colors_solid_button_labels":"#ffffff","colors_accent_1":"#ee6c4d","gradient_accent_1":"","colors_accent_2":"#62ce86","colors_text":"#2f4858","wbmainclr":"#62ce86","colors_background_1":"#FFFFFF","colors_background_2":"#f5f5f5","type_base_font":"Google+Jost","type_header_base_size":38,"type_base_size":14,"page_width":1380,"buttons_border_thickness":0,"buttons_radius":26,"buttons_shadow_opacity":0,"buttons_shadow_horizontal_offset":0,"buttons_shadow_vertical_offset":0,"buttons_shadow_blur":0,"variant_pills_border_thickness":1,"variant_pills_border_opacity":20,"variant_pills_radius":4,"variant_pills_shadow_opacity":0,"variant_pills_shadow_horizontal_offset":0,"variant_pills_shadow_vertical_offset":0,"variant_pills_shadow_blur":0,"inputs_border_thickness":1,"inputs_border_opacity":10,"inputs_radius":26,"inputs_shadow_horizontal_offset":0,"inputs_shadow_blur":0,"card_style":"card","card_image_padding":0,"card_text_alignment":"left","card_color_scheme":"background-1","card_border_thickness":1,"card_border_opacity":25,"card_corner_radius":14,"card_shadow_opacity":0,"text_boxes_border_thickness":0,"media_border_thickness":1,"media_border_opacity":5,"media_radius":14,"media_shadow_opacity":0,"media_shadow_horizontal_offset":0,"media_shadow_vertical_offset":0,"media_shadow_blur":0,"popup_border_thickness":1,"popup_corner_radius":10,"popup_shadow_opacity":0,"popup_shadow_horizontal_offset":0,"popup_shadow_vertical_offset":0,"popup_shadow_blur":0,"drawer_border_thickness":1,"drawer_shadow_opacity":0,"drawer_shadow_horizontal_offset":0,"drawer_shadow_vertical_offset":0,"drawer_shadow_blur":0,"badge_position":"top left","badge_corner_radius":4,"sale_badge_color_scheme":"accent-2","sold_out_badge_color_scheme":"inverse","social_twitter_link":"","social_facebook_link":"#","social_pinterest_link":"#","social_instagram_link":"#","social_tumblr_link":"","predictive_search_show_price":true,"favicon":"shopify:\/\/shop_images\/faviicon.png","show_inventory_quantity":true,"badge_toggle":false,"new_products_period":"","checkout_logo_image":"shopify:\/\/shop_images\/upbasket.png","checkout_accent_color":"#62ce86","checkout_button_color":"#62ce86","body_scale":130,"sections":{"main-password-header":{"type":"main-password-header","settings":{"logo":"shopify:\/\/shop_images\/logo.png","logo_max_width":160,"color_scheme":"background-1"}},"main-password-footer":{"type":"main-password-footer","settings":{"color_scheme":"background-1"}},"popup-products":{"type":"popup-products","settings":{"popup_product":false,"collection":"biscuit-and-snacks","show_rating":true,"product_limit":1}}},"content_for_index":[]},"presets":{"Default":{"sections":{"announcement-bar":{"type":"announcement-bar","blocks":{"announcement-bar-0":{"type":"announcement","settings":{"color_scheme":"background-1"}}},"block_order":["announcement-bar-0"],"settings":{"topbg":"#88b121","toptext":"#fff"}},"header":{"type":"header","settings":{"logo_width":90}},"footer":{"type":"footer","blocks":{"footer-0":{"type":"link_list","settings":{}},"footer-1":{"type":"link_list","settings":{"heading":"Info"}},"footer-2":{"type":"text","settings":{"heading":"Our mission"}}},"block_order":["footer-0","footer-1","footer-2"],"settings":{"color_footer_bg":"#e7e7e7","color_footer_text_heading":"#000","color_footer_text":"#9E9E9E","margin_top":48}},"main-password-header":{"type":"main-password-header","settings":{}},"main-password-footer":{"type":"main-password-footer","settings":{}}}}}}