[{"name":"theme_info","theme_name":"Upbasket","theme_version":"3.0.0","theme_author":"Webibazaar","theme_documentation_url":"https:\/\/help.shopify.com\/en\/manual\/online-store\/themes","theme_support_url":"https:\/\/support.shopify.com\/"},{"name":"t:settings_schema.colors.name","settings":[{"type":"header","content":"t:settings_schema.colors.settings.header__1.content"},{"type":"color","id":"colors_solid_button_labels","default":"#FFFFFF","label":"t:settings_schema.colors.settings.colors_solid_button_labels.label","info":"t:settings_schema.colors.settings.colors_solid_button_labels.info"},{"type":"color","id":"colors_accent_1","default":"#121212","label":"t:settings_schema.colors.settings.colors_accent_1.label","info":"t:settings_schema.colors.settings.colors_accent_1.info"},{"id":"gradient_accent_1","type":"color_background","label":"t:settings_schema.colors.settings.gradient_accent_1.label"},{"type":"color","id":"colors_accent_2","default":"#334FB4","label":"t:settings_schema.colors.settings.colors_accent_2.label"},{"id":"gradient_accent_2","type":"color_background","label":"t:settings_schema.colors.settings.gradient_accent_2.label"},{"type":"header","content":"t:settings_schema.colors.settings.header__2.content"},{"type":"color","id":"colors_text","default":"#121212","label":"t:settings_schema.colors.settings.colors_text.label","info":"t:settings_schema.colors.settings.colors_text.info"},{"type":"color","id":"wbmainclr","default":"#121212","label":"Theme Main\/Hover Color"},{"type":"color","id":"wbborder_color","default":"#eee","label":"Body Border Color"},{"type":"color","id":"colors_outline_button_labels","default":"#121212","label":"t:settings_schema.colors.settings.colors_outline_button_labels.label","info":"t:settings_schema.colors.settings.colors_outline_button_labels.info"},{"type":"color","id":"colors_background_1","default":"#FFFFFF","label":"t:settings_schema.colors.settings.colors_background_1.label"},{"id":"gradient_background_1","type":"color_background","label":"t:settings_schema.colors.settings.gradient_background_1.label"},{"type":"color","id":"colors_background_2","default":"#F3F3F3","label":"t:settings_schema.colors.settings.colors_background_2.label"},{"id":"gradient_background_2","type":"color_background","label":"t:settings_schema.colors.settings.gradient_background_2.label"}]},{"name":"t:settings_schema.typography.name","settings":[{"type":"select","id":"type_base_font","label":"Body text font","options":[{"value":"Google+Cairo","label":"Cairo","group":"Google Web Fonts"},{"value":"Google+Jost","label":"Jost","group":"Google Web Fonts"},{"value":"Work+Sans","label":"Work Sans","group":"Google Web Fonts"},{"value":"Google+Rubik","label":"Rubik","group":"Google Web Fonts"},{"value":"IBM+Plex+Sans","label":"IBM Plex Sans","group":"Google Web Fonts"},{"value":"Google+Poppins","label":"Poppins","group":"Google Web Fonts"},{"value":"Google+Arvo","label":"Arvo","group":"Google Web Fonts"},{"value":"Google+Asap","label":"Asap","group":"Google Web Fonts"},{"value":"Google+Cabin","label":"Cabin","group":"Google Web Fonts"},{"value":"Google+Copse","label":"Copse","group":"Google Web Fonts"},{"value":"Google+Droid+Sans","label":"Droid Sans","group":"Google Web Fonts"},{"value":"Google+Droid+Serif","label":"Droid Serif","group":"Google Web Fonts"},{"value":"Google+Gentium+Book+Basic","label":"Gentium Book Basic","group":"Google Web Fonts"},{"value":"Google+Josefin+Slab","label":"Josefin Slab","group":"Google Web Fonts"},{"value":"Google+Josefin+Sans","label":"Josefin Sans","group":"Google Web Fonts"},{"value":"Google+Kreon","label":"Kreon","group":"Google Web Fonts"},{"value":"Google+Lato","label":"Lato","group":"Google Web Fonts"},{"value":"Google+Montserrat","label":"Montserrat","group":"Google Web Fonts"},{"value":"Google+Merriweather","label":"Merriweather","group":"Google Web Fonts"},{"value":"Google+Old+Standard+TT","label":"Old Standard TT","group":"Google Web Fonts"},{"value":"Google+Open+Sans","label":"Open Sans","group":"Google Web Fonts"},{"value":"Google+Oswald","label":"Oswald","group":"Google Web Fonts"},{"value":"Google+Raleway","label":"Raleway","group":"Google Web Fonts"},{"value":"Google+ProximaNovaLight","label":"Proxima Nova","group":"Google Web Fonts"},{"value":"Google+Prata","label":"Prata","group":"Google Web Fonts"},{"value":"Helvetica, Arial, sans-serif","label":"Helvetica\/Arial","group":"Sans-serif"},{"value":"Impact, Charcoal, Helvetica, Arial, sans-serif","label":"Impact","group":"Sans-serif"},{"value":"'Lucida Grande', 'Lucida Sans Unicode', 'Lucida Sans', Lucida, Helvetica, Arial, sans-serif","label":"Lucida Grande","group":"Sans-serif"},{"value":"Google+Roboto","label":"Roboto","group":"Sans-serif"},{"value":"Google+Roboto+Condensed","label":"Roboto Condensed","group":"Sans-serif"},{"value":"Google+Roboto+Slab","label":"Roboto Slab","group":"Sans-serif"},{"value":"Trebuchet MS, sans-serif","label":"Trebuchet MS","group":"Sans-serif"},{"value":"Verdana, Helvetica, Arial, sans-serif","label":"Verdana","group":"Sans-serif"},{"value":"Garamond, Baskerville, Caslon, serif","label":"Garamond","group":"Serif"},{"value":"Georgia, Utopia, 'Times New Roman', Times, serif","label":"Georgia","group":"Serif"},{"value":"Palatino, 'Palatino Linotype', 'Book Antiqua', serif","label":"Palatino","group":"Serif"},{"value":"Google+Playfair+Display","label":"Playfair Display","group":"Google Web Fonts"},{"value":"'Times New Roman', Times, serif","label":"Times New Roman","group":"Serif"},{"value":"'Courier New', Courier, monospace","label":"Courier New","group":"Monospace"},{"value":"Monaco, 'Lucida Console', 'DejaVu Sans Mono', monospace","label":"Monaco\/Lucida Console","group":"Monospace"},{"value":"montserratregular","label":"Montserrat Regular","group":"Custom"},{"value":"montserratlight","label":"Montserrat Light","group":"Custom"},{"value":"montserratsemi_bold","label":"Montserrat Semi Bold","group":"Custom"},{"value":"montserratbold","label":"Montserrat Bold","group":"Custom"},{"value":"futura_md_btmedium","label":"Futura Medium","group":"Custom"},{"value":"futura_bk_btbook","label":"Futura Book","group":"Custom"}]},{"type":"header","content":"t:settings_schema.typography.settings.header__1.content"},{"type":"range","id":"type_header_base_size","label":"Heading base size","default":26,"min":20,"max":50,"step":1,"unit":"px"},{"type":"range","id":"type_base_size","label":"Body base size","default":14,"min":14,"max":20,"step":1,"unit":"px"}]},{"name":"t:settings_schema.layout.name","settings":[{"type":"range","id":"page_width","min":1000,"max":1600,"step":10,"default":1370,"unit":"px","label":"t:settings_schema.layout.settings.page_width.label"}]},{"name":"t:settings_schema.buttons.name","settings":[{"type":"header","content":"t:settings_schema.global.settings.header__border.content"},{"type":"range","id":"buttons_border_thickness","min":0,"max":12,"step":1,"unit":"px","label":"t:settings_schema.global.settings.thickness.label","default":1},{"type":"range","id":"buttons_border_opacity","min":0,"max":100,"step":5,"unit":"%","label":"t:settings_schema.global.settings.opacity.label","default":100},{"type":"range","id":"buttons_radius","min":0,"max":40,"step":2,"unit":"px","label":"t:settings_schema.global.settings.corner_radius.label","default":0},{"type":"header","content":"t:settings_schema.global.settings.header__shadow.content"},{"type":"range","id":"buttons_shadow_opacity","min":0,"max":100,"step":5,"unit":"%","label":"t:settings_schema.global.settings.opacity.label","default":0},{"type":"range","id":"buttons_shadow_horizontal_offset","min":-12,"max":12,"step":2,"unit":"px","label":"t:settings_schema.global.settings.horizontal_offset.label","default":0},{"type":"range","id":"buttons_shadow_vertical_offset","min":-12,"max":12,"step":2,"unit":"px","label":"t:settings_schema.global.settings.vertical_offset.label","default":0},{"type":"range","id":"buttons_shadow_blur","min":0,"max":20,"step":5,"unit":"px","label":"t:settings_schema.global.settings.blur.label","default":0}]},{"name":"t:settings_schema.variant_pills.name","settings":[{"type":"header","content":"t:settings_schema.global.settings.header__border.content"},{"type":"range","id":"variant_pills_border_thickness","min":0,"max":12,"step":1,"unit":"px","label":"t:settings_schema.global.settings.thickness.label","default":1},{"type":"range","id":"variant_pills_border_opacity","min":0,"max":100,"step":5,"unit":"%","label":"t:settings_schema.global.settings.opacity.label","default":55},{"type":"range","id":"variant_pills_radius","min":0,"max":40,"step":2,"unit":"px","label":"t:settings_schema.global.settings.corner_radius.label","default":40},{"type":"header","content":"t:settings_schema.global.settings.header__shadow.content"},{"type":"range","id":"variant_pills_shadow_opacity","min":0,"max":100,"step":5,"unit":"%","label":"t:settings_schema.global.settings.opacity.label","default":0},{"type":"range","id":"variant_pills_shadow_horizontal_offset","min":-12,"max":12,"step":2,"unit":"px","label":"t:settings_schema.global.settings.horizontal_offset.label","default":0},{"type":"range","id":"variant_pills_shadow_vertical_offset","min":-12,"max":12,"step":2,"unit":"px","label":"t:settings_schema.global.settings.vertical_offset.label","default":0},{"type":"range","id":"variant_pills_shadow_blur","min":0,"max":20,"step":5,"unit":"px","label":"t:settings_schema.global.settings.blur.label","default":0}]},{"name":"t:settings_schema.inputs.name","settings":[{"type":"header","content":"t:settings_schema.global.settings.header__border.content"},{"type":"range","id":"inputs_border_thickness","min":0,"max":12,"step":1,"unit":"px","label":"t:settings_schema.global.settings.thickness.label","default":1},{"type":"range","id":"inputs_border_opacity","min":0,"max":100,"step":5,"unit":"%","label":"t:settings_schema.global.settings.opacity.label","default":55},{"type":"range","id":"inputs_radius","min":0,"max":40,"step":2,"unit":"px","label":"t:settings_schema.global.settings.corner_radius.label","default":0},{"type":"header","content":"t:settings_schema.global.settings.header__shadow.content"},{"type":"range","id":"inputs_shadow_opacity","min":0,"max":100,"step":5,"unit":"%","label":"t:settings_schema.global.settings.opacity.label","default":0},{"type":"range","id":"inputs_shadow_horizontal_offset","min":-12,"max":12,"step":2,"unit":"px","label":"t:settings_schema.global.settings.horizontal_offset.label","default":0},{"type":"range","id":"inputs_shadow_vertical_offset","min":-12,"max":12,"step":2,"unit":"px","label":"t:settings_schema.global.settings.vertical_offset.label","default":0},{"type":"range","id":"inputs_shadow_blur","min":0,"max":20,"step":5,"unit":"px","label":"t:settings_schema.global.settings.blur.label","default":0}]},{"name":"t:settings_schema.cards.name","settings":[{"type":"select","id":"card_style","options":[{"value":"standard","label":"t:settings_schema.cards.settings.style.options__1.label"},{"value":"card","label":"t:settings_schema.cards.settings.style.options__2.label"}],"default":"standard","label":"t:settings_schema.cards.settings.style.label"},{"type":"range","id":"card_image_padding","min":0,"max":20,"step":2,"unit":"px","label":"t:settings_schema.global.settings.image_padding.label","default":0},{"type":"select","id":"card_text_alignment","options":[{"value":"left","label":"t:settings_schema.global.settings.text_alignment.options__1.label"},{"value":"center","label":"t:settings_schema.global.settings.text_alignment.options__2.label"},{"value":"right","label":"t:settings_schema.global.settings.text_alignment.options__3.label"}],"default":"left","label":"t:settings_schema.global.settings.text_alignment.label"},{"type":"select","id":"card_color_scheme","options":[{"value":"accent-1","label":"t:settings_schema.global.settings.color_scheme.options__1.label"},{"value":"accent-2","label":"t:settings_schema.global.settings.color_scheme.options__2.label"},{"value":"background-1","label":"t:settings_schema.global.settings.color_scheme.options__3.label"},{"value":"background-2","label":"t:settings_schema.global.settings.color_scheme.options__4.label"},{"value":"inverse","label":"t:settings_schema.global.settings.color_scheme.options__5.label"}],"default":"background-2","label":"t:settings_schema.global.settings.color_scheme.label"},{"type":"header","content":"t:settings_schema.global.settings.header__border.content"},{"type":"range","id":"card_border_thickness","min":0,"max":24,"step":1,"unit":"px","label":"t:settings_schema.global.settings.thickness.label","default":0},{"type":"range","id":"card_border_opacity","min":0,"max":100,"step":5,"unit":"%","label":"t:settings_schema.global.settings.opacity.label","default":0},{"type":"range","id":"card_corner_radius","min":0,"max":40,"step":2,"unit":"px","label":"t:settings_schema.global.settings.corner_radius.label","default":0},{"type":"header","content":"t:settings_schema.global.settings.header__shadow.content"},{"type":"range","id":"card_shadow_opacity","min":0,"max":100,"step":5,"unit":"%","label":"t:settings_schema.global.settings.opacity.label","default":10},{"type":"range","id":"card_shadow_horizontal_offset","min":-40,"max":40,"step":2,"unit":"px","label":"t:settings_schema.global.settings.horizontal_offset.label","default":0},{"type":"range","id":"card_shadow_vertical_offset","min":-40,"max":40,"step":2,"unit":"px","label":"t:settings_schema.global.settings.vertical_offset.label","default":0},{"type":"range","id":"card_shadow_blur","min":0,"max":40,"step":5,"unit":"px","label":"t:settings_schema.global.settings.blur.label","default":0}]},{"name":"t:settings_schema.content_containers.name","settings":[{"type":"header","content":"t:settings_schema.global.settings.header__border.content"},{"type":"range","id":"text_boxes_border_thickness","min":0,"max":24,"step":1,"unit":"px","label":"t:settings_schema.global.settings.thickness.label","default":0},{"type":"range","id":"text_boxes_border_opacity","min":0,"max":100,"step":5,"unit":"%","label":"t:settings_schema.global.settings.opacity.label","default":0},{"type":"range","id":"text_boxes_radius","min":0,"max":40,"step":2,"unit":"px","label":"t:settings_schema.global.settings.corner_radius.label","default":0},{"type":"header","content":"t:settings_schema.global.settings.header__shadow.content"},{"type":"range","id":"text_boxes_shadow_opacity","min":0,"max":100,"step":5,"unit":"%","label":"t:settings_schema.global.settings.opacity.label","default":0},{"type":"range","id":"text_boxes_shadow_horizontal_offset","min":-40,"max":40,"step":2,"unit":"px","label":"t:settings_schema.global.settings.horizontal_offset.label","default":0},{"type":"range","id":"text_boxes_shadow_vertical_offset","min":-40,"max":40,"step":2,"unit":"px","label":"t:settings_schema.global.settings.vertical_offset.label","default":0},{"type":"range","id":"text_boxes_shadow_blur","min":0,"max":40,"step":5,"unit":"px","label":"t:settings_schema.global.settings.blur.label","default":0}]},{"name":"t:settings_schema.media.name","settings":[{"type":"header","content":"t:settings_schema.global.settings.header__border.content"},{"type":"range","id":"media_border_thickness","min":0,"max":24,"step":1,"unit":"px","label":"t:settings_schema.global.settings.thickness.label","default":1},{"type":"range","id":"media_border_opacity","min":0,"max":100,"step":5,"unit":"%","label":"t:settings_schema.global.settings.opacity.label","default":5},{"type":"range","id":"media_radius","min":0,"max":40,"step":2,"unit":"px","label":"t:settings_schema.global.settings.corner_radius.label","default":0},{"type":"header","content":"t:settings_schema.global.settings.header__shadow.content"},{"type":"range","id":"media_shadow_opacity","min":0,"max":100,"step":5,"unit":"%","label":"t:settings_schema.global.settings.opacity.label","default":0},{"type":"range","id":"media_shadow_horizontal_offset","min":-40,"max":40,"step":2,"unit":"px","label":"t:settings_schema.global.settings.horizontal_offset.label","default":0},{"type":"range","id":"media_shadow_vertical_offset","min":-40,"max":40,"step":2,"unit":"px","label":"t:settings_schema.global.settings.vertical_offset.label","default":0},{"type":"range","id":"media_shadow_blur","min":0,"max":40,"step":5,"unit":"px","label":"t:settings_schema.global.settings.blur.label","default":0}]},{"name":"t:settings_schema.popups.name","settings":[{"type":"paragraph","content":"t:settings_schema.popups.paragraph"},{"type":"header","content":"t:settings_schema.global.settings.header__border.content"},{"type":"range","id":"popup_border_thickness","min":0,"max":24,"step":1,"unit":"px","label":"t:settings_schema.global.settings.thickness.label","default":1},{"type":"range","id":"popup_border_opacity","min":0,"max":100,"step":5,"unit":"%","label":"t:settings_schema.global.settings.opacity.label","default":10},{"type":"range","id":"popup_corner_radius","min":0,"max":40,"step":2,"unit":"px","label":"t:settings_schema.global.settings.corner_radius.label","default":0},{"type":"header","content":"t:settings_schema.global.settings.header__shadow.content"},{"type":"range","id":"popup_shadow_opacity","min":0,"max":100,"step":5,"unit":"%","label":"t:settings_schema.global.settings.opacity.label","default":0},{"type":"range","id":"popup_shadow_horizontal_offset","min":-40,"max":40,"step":2,"unit":"px","label":"t:settings_schema.global.settings.horizontal_offset.label","default":0},{"type":"range","id":"popup_shadow_vertical_offset","min":-40,"max":40,"step":2,"unit":"px","label":"t:settings_schema.global.settings.vertical_offset.label","default":0},{"type":"range","id":"popup_shadow_blur","min":0,"max":40,"step":5,"unit":"px","label":"t:settings_schema.global.settings.blur.label","default":0}]},{"name":"t:settings_schema.drawers.name","settings":[{"type":"header","content":"t:settings_schema.global.settings.header__border.content"},{"type":"range","id":"drawer_border_thickness","min":0,"max":24,"step":1,"unit":"px","label":"t:settings_schema.global.settings.thickness.label","default":1},{"type":"range","id":"drawer_border_opacity","min":0,"max":100,"step":5,"unit":"%","label":"t:settings_schema.global.settings.opacity.label","default":10},{"type":"header","content":"t:settings_schema.global.settings.header__shadow.content"},{"type":"range","id":"drawer_shadow_opacity","min":0,"max":100,"step":5,"unit":"%","label":"t:settings_schema.global.settings.opacity.label","default":0},{"type":"range","id":"drawer_shadow_horizontal_offset","min":-40,"max":40,"step":2,"unit":"px","label":"t:settings_schema.global.settings.horizontal_offset.label","default":0},{"type":"range","id":"drawer_shadow_vertical_offset","min":-40,"max":40,"step":2,"unit":"px","label":"t:settings_schema.global.settings.vertical_offset.label","default":0},{"type":"range","id":"drawer_shadow_blur","min":0,"max":40,"step":5,"unit":"px","label":"t:settings_schema.global.settings.blur.label","default":0}]},{"name":"t:settings_schema.badges.name","settings":[{"type":"select","id":"badge_position","options":[{"value":"bottom left","label":"t:settings_schema.badges.settings.position.options__1.label"},{"value":"bottom right","label":"t:settings_schema.badges.settings.position.options__2.label"},{"value":"top left","label":"t:settings_schema.badges.settings.position.options__3.label"},{"value":"top right","label":"t:settings_schema.badges.settings.position.options__4.label"}],"default":"bottom left","label":"t:settings_schema.badges.settings.position.label"},{"type":"range","id":"badge_corner_radius","min":0,"max":40,"step":2,"unit":"px","label":"t:settings_schema.global.settings.corner_radius.label","default":40},{"type":"select","id":"sale_badge_color_scheme","options":[{"value":"accent-1","label":"t:settings_schema.global.settings.color_scheme.options__1.label"},{"value":"accent-2","label":"t:settings_schema.global.settings.color_scheme.options__2.label"},{"value":"background-2","label":"t:settings_schema.global.settings.color_scheme.options__4.label"}],"default":"accent-2","label":"t:settings_schema.badges.settings.sale_badge_color_scheme.label"},{"type":"select","id":"sold_out_badge_color_scheme","options":[{"value":"background-1","label":"t:settings_schema.global.settings.color_scheme.options__3.label"},{"value":"inverse","label":"t:settings_schema.global.settings.color_scheme.options__5.label"}],"default":"inverse","label":"t:settings_schema.badges.settings.sold_out_badge_color_scheme.label"}]},{"name":"t:settings_schema.styles.name","settings":[{"type":"select","id":"accent_icons","options":[{"value":"accent-1","label":"t:settings_schema.styles.settings.accent_icons.options__1.label"},{"value":"accent-2","label":"t:settings_schema.styles.settings.accent_icons.options__2.label"},{"value":"outline-button","label":"t:settings_schema.styles.settings.accent_icons.options__3.label"},{"value":"text","label":"t:settings_schema.styles.settings.accent_icons.options__4.label"}],"default":"text","label":"t:settings_schema.styles.settings.accent_icons.label"}]},{"name":"t:settings_schema.social-media.name","settings":[{"type":"header","content":"t:settings_schema.social-media.settings.header.content"},{"type":"text","id":"social_twitter_link","label":"t:settings_schema.social-media.settings.social_twitter_link.label","info":"t:settings_schema.social-media.settings.social_twitter_link.info"},{"type":"text","id":"social_facebook_link","label":"t:settings_schema.social-media.settings.social_facebook_link.label","info":"t:settings_schema.social-media.settings.social_facebook_link.info"},{"type":"text","id":"social_pinterest_link","label":"t:settings_schema.social-media.settings.social_pinterest_link.label","info":"t:settings_schema.social-media.settings.social_pinterest_link.info"},{"type":"text","id":"social_instagram_link","label":"t:settings_schema.social-media.settings.social_instagram_link.label","info":"t:settings_schema.social-media.settings.social_instagram_link.info"},{"type":"text","id":"social_tiktok_link","label":"t:settings_schema.social-media.settings.social_tiktok_link.label","info":"t:settings_schema.social-media.settings.social_tiktok_link.info"},{"type":"text","id":"social_tumblr_link","label":"t:settings_schema.social-media.settings.social_tumblr_link.label","info":"t:settings_schema.social-media.settings.social_tumblr_link.info"},{"type":"text","id":"social_snapchat_link","label":"t:settings_schema.social-media.settings.social_snapchat_link.label","info":"t:settings_schema.social-media.settings.social_snapchat_link.info"},{"type":"text","id":"social_youtube_link","label":"t:settings_schema.social-media.settings.social_youtube_link.label","info":"t:settings_schema.social-media.settings.social_youtube_link.info"},{"type":"text","id":"social_vimeo_link","label":"t:settings_schema.social-media.settings.social_vimeo_link.label","info":"t:settings_schema.social-media.settings.social_vimeo_link.info"}]},{"name":"t:settings_schema.search_input.name","settings":[{"type":"header","content":"t:settings_schema.search_input.settings.header.content"},{"type":"checkbox","id":"predictive_search_enabled","default":true,"label":"t:settings_schema.search_input.settings.predictive_search_enabled.label"},{"type":"checkbox","id":"predictive_search_show_vendor","default":false,"label":"t:settings_schema.search_input.settings.predictive_search_show_vendor.label","info":"t:settings_schema.search_input.settings.predictive_search_show_vendor.info"},{"type":"checkbox","id":"predictive_search_show_price","default":false,"label":"t:settings_schema.search_input.settings.predictive_search_show_price.label","info":"t:settings_schema.search_input.settings.predictive_search_show_price.info"}]},{"name":"t:settings_schema.favicon.name","settings":[{"type":"image_picker","id":"favicon","label":"t:settings_schema.favicon.settings.favicon.label","info":"t:settings_schema.favicon.settings.favicon.info"}]},{"name":"t:settings_schema.currency_format.name","settings":[{"type":"header","content":"t:settings_schema.currency_format.settings.content"},{"type":"paragraph","content":"t:settings_schema.currency_format.settings.paragraph"},{"type":"checkbox","id":"currency_code_enabled","label":"t:settings_schema.currency_format.settings.currency_code_enabled.label","default":true}]},{"name":"Quickview Popup","settings":[{"type":"checkbox","id":"display_product_type","label":"Show Product Type in Quickview Modal","default":true},{"type":"checkbox","id":"enable_listdesc","default":true,"label":"Show Product Description in Quickview Modal"},{"type":"checkbox","id":"show_variants","label":"Show Variants in Quickview Modal","default":true},{"type":"checkbox","id":"viewfulldet","label":"Show View Full Details link at bottom in Quickview Modal","default":true},{"type":"checkbox","id":"show_rating","default":true,"label":"Show Product Rating in Quickview Modal","info":"t:sections.featured-collection.settings.show_rating.info"}]},{"name":"Product Countdown Timer","settings":[{"type":"header","content":"Product Countdown Timer"},{"type":"checkbox","id":"show_timer","label":"Show Offer Timer","default":true,"info":"Note : Add Timer Date In Product Tag (Ex: date_YY\/MM\/DD)"},{"type":"text","id":"timer_text","label":"Offer Timer Text"},{"type":"header","content":"Product Timer Stock Bar"},{"type":"checkbox","id":"show_inventory_quantity","label":"Show inventory quantity"},{"type":"text","id":"quantity_low","label":"Low Quantity","default":"50"},{"type":"color","id":"quantity_low_color","label":"Low Stock","default":"#E84C3D"},{"type":"text","id":"quantity_avg","label":"Average Quantity","default":"150"},{"type":"color","id":"quantity_avg_color","label":"Average Stock","default":"#f1c40f"},{"type":"text","id":"quantity_full","label":"Full Quantity","default":"250"},{"type":"color","id":"quantity_full_color","label":"Full Stock","default":"#5FD841"}]},{"name":"Additional Settings","settings":[{"type":"header","content":"Color Customizer Panel"},{"type":"checkbox","id":"displaycustomizer","label":"Show Color Customizer Panel","default":true},{"type":"checkbox","id":"wbboxed","label":"Show Box Layout Theme","default":false},{"type":"checkbox","id":"wbenblertl","label":"Show RTL Theme","default":false}]},{"name":"Wishlist","settings":[{"type":"checkbox","id":"wb_enablewish","label":"Enable Wishlist?","default":true}]},{"name":"Product badge","settings":[{"type":"checkbox","id":"badge_toggle","label":"Show badge on product"},{"type":"text","id":"new_products_period","label":"'New' products marker","info":"Number of days for which the product is considered as \"New\""}]}]