{"type":"header","name":"footer group","sections":{"footer":{"type":"footer","blocks":{"729844ad-a0f0-4ecb-bc66-f95605438562":{"type":"textarea","settings":{"heading":"store location","footer_address":"9070 Green Lake Drive Chevy\nChase, MD 20815 india.","footer_contact_no":"0123-456-789","footer_contact_id":"demo@demo.com"}},"footer-0":{"type":"link_list","settings":{"heading":"Products","menu":"categories"}},"footer-1":{"type":"link_list","settings":{"heading":"Service","menu":"services"}},"59cd3bdf-4aa6-4932-934c-c0078bdcf88d":{"type":"link_list","settings":{"heading":"extras","menu":"footer"}}},"block_order":["729844ad-a0f0-4ecb-bc66-f95605438562","footer-0","footer-1","59cd3bdf-4aa6-4932-934c-c0078bdcf88d"],"settings":{"color_footer_bg":"#2f4858","color_footer_text_heading":"#ee6c4d","color_footer_text":"#ffffff","heading":"Newsletter","newssub":"Get now free 20% discount for all products on your first order!","fsocial":"Follow Us","show_social":true,"foottext":"<p><a href=\"\/collections\/frozen-and-nuts\" title=\"frozen and nuts\">Online Shoping <\/a><\/p><p><a href=\"\/collections\/featured-products\" title=\"featured products\">Promotions<\/a><\/p><p><a href=\"\/collections\/breads-bakery\" title=\"breads & Bakery\">My orders<\/a><\/p><p><a href=\"\/collections\/meats-sea-foods\" title=\"meats & sea foods\">Support<\/a><\/p><p><a href=\"\/collections\/featured-products\" title=\"featured products\">Most Populars<\/a><\/p><p><a href=\"\/collections\/latest-products\" title=\"latest products\">Payments<\/a><\/p><p><a href=\"\/collections\/special-products\" title=\"special products\">Checkout<\/a><\/p><p><a href=\"\/collections\" title=\"All collections\">Terms & Condition<\/a><\/p><p><a href=\"\/collections\/breads-bakery\" title=\"breads & Bakery\">Refunds<\/a><\/p>","fpayment":"Payment","payment_enable":true,"margin_top":60,"padding_top":60,"padding_bottom":60}}},"order":["footer"]}