{"type":"header","name":"header group","sections":{"announcement-bar":{"type":"announcement-bar","blocks":{"announcement-bar-0":{"type":"announcement","settings":{"text":"Get free shipping – Free 30 Day Money Back Guarantee","color_scheme":"background-2","link":""}}},"block_order":["announcement-bar-0"],"settings":{"popup_product":true,"topbg":"#62ce86","toptext":"#2f4858"}},"header":{"type":"header","blocks":{"fe9ca7ae-bb46-4a31-a642-1421c88642e7":{"type":"link-simple","settings":{"title":"fruits","link":"shopify:\/\/collections\/featured-products","badge_text":"","bg_color":"#219d2c","diffclassname":""}},"dde7df30-201b-4006-b341-1ecb3fc00cb0":{"type":"link-linklist","settings":{"title":"bakery","link":"shopify:\/\/collections\/breads-bakery","badge_text":"","bg_color":"#219d2c","diffclassname":"","links":""}},"10c7138f-def1-44d6-b900-1bfaf66df41c":{"type":"link-4linklists","settings":{"show_title":false,"title":"Shop","link":"shopify:\/\/collections\/all","badge_text":"","bg_color":"#ff0000","diffclassname":"","image_1":"shopify:\/\/shop_images\/1_f5d3cb4c-6178-461c-9662-3fcc5a5d348c.jpg","imageblink_1":"shopify:\/\/collections\/special-product","links_1":"bakery","image_2":"shopify:\/\/shop_images\/2_d96f5dfd-65cc-4aa4-92bc-75663f57edf9.jpg","imageblink_2":"shopify:\/\/collections\/breakfast-dairy","links_2":"beverages","image_3":"shopify:\/\/shop_images\/3_669c6751-8d58-42fb-a56a-63bd63ee658f.jpg","imageblink_3":"shopify:\/\/collections\/fruits-vegetables","links_3":"star-apple","image_4":"shopify:\/\/shop_images\/4_a7bc7fec-64d9-40b7-9fe7-3a2a34103f54.jpg","imageblink_4":"shopify:\/\/collections\/best-product","links_4":"main-menu","align_text":false}},"7ffd721f-c116-41eb-a662-d219c496ac06":{"type":"link-products","settings":{"title":"Collections","link":"shopify:\/\/collections","badge_text":"","bg_color":"#ff0000","diffclassname":"","show_title":false,"links_1":"bakery","links_2":"beverages","links_3":"star-apple","links_4":"main-menu","products":"breads-bakery"}},"d7354261-5213-4d93-9d15-18e40a3c4139":{"type":"link-simple","settings":{"title":"grocery","link":"shopify:\/\/collections\/grocery-staples","badge_text":"","bg_color":"#ff0000","diffclassname":""}},"d5bd34d2-638b-4b40-a957-9b524b7349a2":{"type":"link-simple","settings":{"title":"breakfast","link":"shopify:\/\/collections\/meats-sea-foods","badge_text":"","bg_color":"#ff0000","diffclassname":""}},"07058ee7-efc3-4d46-b78c-7383b381553f":{"type":"link-simple","settings":{"title":"sea food","link":"shopify:\/\/collections\/meats-sea-foods","badge_text":"","bg_color":"#ff0000","diffclassname":""}}},"block_order":["fe9ca7ae-bb46-4a31-a642-1421c88642e7","dde7df30-201b-4006-b341-1ecb3fc00cb0","10c7138f-def1-44d6-b900-1bfaf66df41c","7ffd721f-c116-41eb-a662-d219c496ac06","d7354261-5213-4d93-9d15-18e40a3c4139","d5bd34d2-638b-4b40-a957-9b524b7349a2","07058ee7-efc3-4d46-b78c-7383b381553f"],"settings":{"color_scheme":"background-1","logo":"shopify:\/\/shop_images\/upbasket.png","logo_width":154,"enable_country_selector":true,"enable_language_selector":true,"color_schememenu":"background-2","color_dropmenu":"background-1","menu":"","megamenu_toggle":true,"cms_menu":"<p><a href=\"https:\/\/upbasket-store.myshopify.com\/\" title=\"https:\/\/upbasket-store.myshopify.com\/\">home<\/a><\/p><p><a href=\"\/collections\/latest-products\" title=\"latest products\">top product<\/a><\/p><p><a href=\"\/collections\/frozen-and-nuts\" title=\"frozen and nuts\">best product<\/a><\/p><p><a href=\"\/pages\/about-us\" title=\"about us\">about us<\/a><\/p><p><a href=\"\/blogs\/news\" title=\"News\">blog<\/a><\/p>","ofrtxt":"Only This Weekend","ofrtxt1":"<b>Super Discount<\/b>","show_line_separator":false,"enable_sticky_header":true,"margin_bottom":0}}},"order":["announcement-bar","header"]}