{"sections":{"banner":{"type":"main-collection-banner","settings":{"show_collection_description":true,"show_collection_image":true}},"product-grid":{"type":"main-collection-product-grid","settings":{"products_per_page":24,"image_ratio":"adapt","display_product_type":false,"show_secondary_image":true,"show_vendor":false,"show_rating":true,"show_variants":true,"enable_filtering":true,"enable_sorting":true,"collapse_on_larger_devices":false,"enable_listdesc":true,"padding_top":0,"padding_bottom":0}}},"order":["banner","product-grid"]}