{"sections":{"1644844970f026f70d":{"type":"offerbanner","settings":{"txtcolor":"#2f4858","slideheadclr":"#ffffff","collbg":"#ee6c4d","collbgtxt":"#ffffff","collbghv":"#62ce86","collbgtxthv":"#ffffff","image":"shopify:\/\/shop_images\/bg-slide-1-1.jpg","link":"shopify:\/\/collections","storytitle":"Shop and    Save Big on Hottest    Products","storysubtitle":"<strong>From <\/strong><b>$80<\/b><br>Don't miss this special opportunity today.","btntxt":"shop now","margin_top":20,"margin_bottom":0}},"1644650669e1107d39":{"type":"slideshow","blocks":{"1644650669edab8c4b-1":{"type":"slide","settings":{"slidesubheadclr":"#62ce86","slideheadclr":"#2f4858","slidedesclr":"#ee6c4d","collbg1":"#ee6c4d","collbgborder":"rgba(0,0,0,0)","collbgtxt":"#ffffff","collbg1hv":"#62ce86","collbgborderhv":"rgba(0,0,0,0)","collbgtxthv":"#ffffff","image":"shopify:\/\/shop_images\/s2.jpg","subheading":"Fresh 100% Organic Food","subheading_size":"medium","heading":"Our Fresh Grocery Shopping","heading_size":"medium","desc":"The most healthy organic food is safe for health.","button_label":"shop now","link":"shopify:\/\/collections","box_align":"middle-left","show_text_box":true,"text_alignment":"center","image_overlay_opacity":0,"text_alignment_mobile":"center"}},"1644650669edab8c4b-0":{"type":"slide","settings":{"slidesubheadclr":"#62ce86","slideheadclr":"#2f4858","slidedesclr":"#ee6c4d","collbg1":"#ee6c4d","collbgborder":"rgba(0,0,0,0)","collbgtxt":"#ffffff","collbg1hv":"#62ce86","collbgborderhv":"rgba(0,0,0,0)","collbgtxthv":"#ffffff","image":"shopify:\/\/shop_images\/s1.jpg","subheading":"Fresh 100% Organic Food","subheading_size":"large","heading":"Our Fresh Grocery Shopping","heading_size":"large","desc":"The most healthy organic food is safe for health.","button_label":"shop now","link":"shopify:\/\/collections","box_align":"middle-left","show_text_box":true,"text_alignment":"center","image_overlay_opacity":0,"text_alignment_mobile":"center"}}},"block_order":["1644650669edab8c4b-1","1644650669edab8c4b-0"],"settings":{"layout":"grid","slide_height":"adapt_image","slider_visual":"dots","pagicolor":"#62ce86","auto_rotate":false,"change_slides_speed":5,"show_text_below":false,"accessibility_info":"Slideshow about our brand","padding_top":20,"padding_bottom":0}},"164490178017ba52de":{"type":"service","settings":{"s_title":true,"icon1":"shipping","header_gift":"Free Shipping","header_gift1":"On Order $23 - 7 Days A Week","sa_title":true,"icon2":"moneyback","header_pay":"Money Back Guarantee","header_pay1":"Send Within 30 days","sb_title":true,"icon3":"gift","header_support":"Free Returns","header_support1":"free 90 days returns policy","sc_title":true,"icon4":"support","header_ship":"24\/7 Customer Service","header_ship1":"Call us 24\/7 at 000 -123 - 455","padding_top":60,"padding_bottom":0}},"1644844973f4d861d7":{"type":"salebanner","blocks":{"1644844973afa04273-0":{"type":"Image","settings":{"txtcolor":"#ee6c4d","txtcolor1":"#62ce86","image":"shopify:\/\/shop_images\/1.jpg","link":"shopify:\/\/collections\/bestseller-products","storysubtitle":"Grocery Just","storytitle":"One Day Delivery","desc":"Get Up 30% Off","btntxt":"Shop now"}},"a30fb67d-1a6b-4ccb-85c4-c26c57c6fa00":{"type":"Image","settings":{"txtcolor":"#ee6c4d","txtcolor1":"#62ce86","image":"shopify:\/\/shop_images\/2.jpg","link":"shopify:\/\/collections\/breads-bakery","storysubtitle":"Grocery Just","storytitle":"Fresh Egg Bites","desc":"Get Up 30% Off","btntxt":"Shop now"}},"c02c88c0-f9a0-4899-8a3d-f09b2c6d4fd9":{"type":"Image","settings":{"txtcolor":"#ee6c4d","txtcolor1":"#62ce86","image":"shopify:\/\/shop_images\/3.jpg","link":"shopify:\/\/collections","storysubtitle":"Grocery Just","storytitle":"To Health","desc":"Get Up 30% Off","btntxt":"Shop now"}}},"block_order":["1644844973afa04273-0","a30fb67d-1a6b-4ccb-85c4-c26c57c6fa00","c02c88c0-f9a0-4899-8a3d-f09b2c6d4fd9"],"settings":{"padding_top":60,"padding_bottom":0}},"16454177217bec7c0f":{"type":"wbcollection-list","blocks":{"5e9a0759-8401-40d0-809a-e70eae3989f3":{"type":"webi_collection","settings":{"collection":"biscuit-and-snacks"}},"c0560576-8a4c-4998-bc68-055500515b80":{"type":"webi_collection","settings":{"collection":"frozen-and-nuts"}},"0dd1ccfa-f525-4183-a0c0-40d8ed5bdff6":{"type":"webi_collection","settings":{"collection":"fruits-and-vegetables"}},"a0b7c3c1-8379-408c-a51c-925e48fe26ce":{"type":"webi_collection","settings":{"collection":"grocery-and-strapers"}},"c05ce7aa-f35a-4037-ab3a-ab1ac49c522d":{"type":"webi_collection","settings":{"collection":"meats-sea-foods"}},"7ec5995f-51e8-49af-9bc1-7c0f6e3d0aca":{"type":"webi_collection","settings":{"collection":"breads-bakery"}}},"block_order":["5e9a0759-8401-40d0-809a-e70eae3989f3","c0560576-8a4c-4998-bc68-055500515b80","0dd1ccfa-f525-4183-a0c0-40d8ed5bdff6","a0b7c3c1-8379-408c-a51c-925e48fe26ce","c05ce7aa-f35a-4037-ab3a-ab1ac49c522d","7ec5995f-51e8-49af-9bc1-7c0f6e3d0aca"],"settings":{"image":"shopify:\/\/shop_images\/leaf.png","title":"our categories","s_title":"Do not miss the current offers until the end of March.","padding_top":60,"padding_bottom":0}},"164827826032a49230":{"type":"top-product","blocks":{"7784d020-4a98-4d58-aa79-e9d7012b38e8":{"type":"collection","settings":{"cat_name":"featured","collection":"featured-products"}},"e787902e-9123-4ac8-ad7e-71f9495435bd":{"type":"collection","settings":{"cat_name":"latest","collection":"latest-products"}},"ebcd3fe4-9816-4bb6-8509-9dcd7dc35b9b":{"type":"collection","settings":{"cat_name":"bestseller","collection":"bestseller-products"}}},"block_order":["7784d020-4a98-4d58-aa79-e9d7012b38e8","e787902e-9123-4ac8-ad7e-71f9495435bd","ebcd3fe4-9816-4bb6-8509-9dcd7dc35b9b"],"settings":{"image":"shopify:\/\/shop_images\/leaf.png","m_title":"Our products","s_title":"Do not miss the current offers until the end of March.","rows":2,"image_ratio":"adapt","display_product_type":false,"show_rating":true,"show_secondary_image":true,"show_vendor":false,"show_variants":true,"padding_top":60,"padding_bottom":0}},"1646655649076fa9a6":{"type":"collection-banner","blocks":{"0934150b-2d99-4ce1-b7c1-6bad9e86aa47":{"type":"Image","settings":{"txtcolor":"#ee6c4d","txtcolor1":"#2f4858","image":"shopify:\/\/shop_images\/4.jpg","link":"shopify:\/\/collections","storysubtitle":"Weekend Duiscount 40 %","storytitle":"The Mango Juice  On Sale !","desc":"Eat one every day","btntxt":"Shop now"}},"6b0830a5-028d-458e-aab3-a411eb39ad43":{"type":"Image","settings":{"txtcolor":"#ee6c4d","txtcolor1":"#2f4858","image":"shopify:\/\/shop_images\/5.jpg","link":"shopify:\/\/collections","storysubtitle":"Weekend Duiscount 40 %","storytitle":"The crunchy crunch On Sale !","desc":"Eat one every day","btntxt":"Shop now"}}},"block_order":["0934150b-2d99-4ce1-b7c1-6bad9e86aa47","6b0830a5-028d-458e-aab3-a411eb39ad43"],"settings":{"margin_top":60,"margin_bottom":0}},"16472351556455d90b":{"type":"special","settings":{"image":"shopify:\/\/shop_images\/leaf.png","m_title":"Special product","s_title":"Dont miss this opportunity at a special discount just for this week.","rows":1,"image_ratio":"adapt","display_product_type":false,"show_rating":true,"show_secondary_image":true,"show_vendor":false,"show_variants":true,"collection":"special-products","padding_top":60,"padding_bottom":0}},"1647233886f3c23b76":{"type":"toprated","settings":{"image1":"shopify:\/\/shop_images\/leaf.png","m_title1":"new product","s_title1":"Do not miss the current offers until the end of March.","rows1":3,"image_ratio1":"adapt","display_product_type1":false,"show_rating1":true,"show_secondary_image1":true,"show_vendor1":false,"show_variants1":false,"collection1":"biscuit-and-snacks","image2":"shopify:\/\/shop_images\/leaf.png","m_title2":"Best product","s_title2":"Do not miss the current offers until the end of March.","rows2":3,"image_ratio2":"adapt","display_product_type2":false,"show_rating2":true,"show_secondary_image2":true,"show_vendor2":false,"show_variants2":false,"collection2":"fruits-and-vegetables","image3":"shopify:\/\/shop_images\/leaf.png","m_title3":"Our product","s_title3":"Do not miss the current offers until the end of March.","rows3":3,"image_ratio3":"adapt","display_product_type3":false,"show_rating3":true,"show_secondary_image3":true,"show_vendor3":false,"show_variants3":false,"collection3":"meats-sea-foods","padding_top":60,"padding_bottom":0}},"1644902876a8ba65d3":{"type":"featured-blog","settings":{"image":"shopify:\/\/shop_images\/leaf.png","m_title":"latest blog","s_title":"Dont miss this opportunity at a special discount just for this week.","blog":"news","show_image":true,"image_height":"adapt","show_tags":true,"show_date":true,"show_author":true,"show_desc":false,"show_cmment":false,"show_view_all":true,"padding_top":60,"padding_bottom":0}},"16486373240d1637bd":{"type":"logo-bar","blocks":{"1648637324545d187a-0":{"type":"logo_image","settings":{"image":"shopify:\/\/shop_images\/1.png","link":"shopify:\/\/collections"}},"78763d60-2350-4d5b-88bc-ef2097aef9a5":{"type":"logo_image","settings":{"image":"shopify:\/\/shop_images\/2.png","link":"shopify:\/\/collections\/bestseller-products"}},"8cd52e19-2e35-4ac3-9414-61c03a608680":{"type":"logo_image","settings":{"image":"shopify:\/\/shop_images\/3.png","link":"shopify:\/\/collections\/frozen-and-nuts"}},"f5dd7b29-fcd9-4892-8349-8de09faa8a5f":{"type":"logo_image","settings":{"image":"shopify:\/\/shop_images\/4.png","link":"shopify:\/\/collections\/frozen-and-nuts"}},"2eef1d4e-1e57-43a7-a6be-16548b8ae296":{"type":"logo_image","settings":{"image":"shopify:\/\/shop_images\/5.png","link":"shopify:\/\/collections\/latest-products"}},"4c206c26-c5d5-4120-a438-48b29082e6fe":{"type":"logo_image","settings":{"image":"shopify:\/\/shop_images\/6.png","link":"shopify:\/\/collections\/special-products"}},"413600e0-5a50-4577-bede-9db5a0764b5d":{"type":"logo_image","settings":{"image":"shopify:\/\/shop_images\/7.png","link":"shopify:\/\/collections\/grocery-and-strapers"}}},"block_order":["1648637324545d187a-0","78763d60-2350-4d5b-88bc-ef2097aef9a5","8cd52e19-2e35-4ac3-9414-61c03a608680","f5dd7b29-fcd9-4892-8349-8de09faa8a5f","2eef1d4e-1e57-43a7-a6be-16548b8ae296","4c206c26-c5d5-4120-a438-48b29082e6fe","413600e0-5a50-4577-bede-9db5a0764b5d"],"settings":{"title":"","padding_top":60,"padding_bottom":0}}},"order":["1644844970f026f70d","1644650669e1107d39","164490178017ba52de","1644844973f4d861d7","16454177217bec7c0f","164827826032a49230","1646655649076fa9a6","16472351556455d90b","1647233886f3c23b76","1644902876a8ba65d3","16486373240d1637bd"]}