{"layout":"password","sections":{"main":{"type":"email-signup-banner","blocks":{"heading":{"type":"heading","settings":{"heading":"Opening soon"}},"paragraph":{"type":"paragraph","settings":{"text":"<p>Be the first to know when we launch.<\/p>","text_style":"body"}},"email_form":{"type":"email_form","settings":{}}},"block_order":["heading","paragraph","email_form"],"settings":{"image":"shopify:\/\/shop_images\/slider-1.jpg","image_overlay_opacity":0,"show_background_image":true,"image_height":"small","desktop_content_position":"middle-center","show_text_box":true,"desktop_content_alignment":"center","color_scheme":"background-1","mobile_content_alignment":"center","show_text_below":false}}},"order":["main"]}