{"layout":"wbquickview","sections":{"main":{"type":"wbquickview","blocks":{"vendor":{"type":"text","settings":{"text":"{{ product.vendor }}"}},"title":{"type":"title","settings":{}},"a0149732-0bef-49b6-aeeb-e441882a9964":{"type":"sku","settings":{}},"price":{"type":"price","settings":{}},"variant_picker":{"type":"variant_picker","settings":{"picker_type":"button"}},"2d286980-47fb-4df0-9e39-0dfd54926f46":{"type":"stock_countdown","settings":{"max_stock":150,"limited_stock_cut_off":10,"limited_stock_message":"Only {stock_number} units left","instock_message":"In stock ({stock_number} units), ready to be shipped","limited_stock_color":"#ff0000","in_stock_color":"#008a00"}},"quantity_selector":{"type":"quantity_selector","settings":{}},"buy_buttons":{"type":"buy_buttons","settings":{"show_dynamic_checkout":true}}},"block_order":["vendor","title","a0149732-0bef-49b6-aeeb-e441882a9964","price","variant_picker","2d286980-47fb-4df0-9e39-0dfd54926f46","quantity_selector","buy_buttons"],"settings":{"enable_sticky_info":true,"gallery_layout":"thumbnail_slider","media_size":"small","mobile_thumbnails":"hide","hide_variants":false,"enable_video_looping":false,"padding_top":0,"padding_bottom":0}}},"order":["main"]}