{"sections":{"main":{"type":"main-product","blocks":{"vendor":{"type":"text","settings":{"text":"{{ product.vendor }}"}},"title":{"type":"title","settings":{}},"9472002a-3515-48ee-83e0-684c2bd27a37":{"type":"shopify:\/\/apps\/product-reviews\/blocks\/star_rating\/bae150af-8da8-48b2-9867-398188115e5f","settings":{"stars_fill_color":"#f1c40f","star_size":15,"text_align":"flex-start","product":"{{product}}","stars_text_empty":"No reviews"}},"price":{"type":"price","settings":{}},"variant_picker":{"type":"variant_picker","settings":{"picker_type":"button"}},"a0368330-e7e0-42c9-a2fc-49acaf4a31f3":{"type":"stock_countdown","settings":{"max_stock":150,"limited_stock_cut_off":10,"limited_stock_message":"Only {stock_number} units left","instock_message":"In stock ({stock_number} units), ready to be shipped","limited_stock_color":"#ff0000","in_stock_color":"#008a00"}},"description":{"type":"description","settings":{}},"quantity_selector":{"type":"quantity_selector","settings":{}},"buy_buttons":{"type":"buy_buttons","settings":{"show_dynamic_checkout":true}},"share":{"type":"share","settings":{"share_label":"Share"}},"collapsible-row-1":{"type":"collapsible_tab","settings":{"heading":"Shipping & Returns","content":"","page":"shipping","icon":"truck"}},"53d1b536-e8c6-416b-81ae-5537d48a8356":{"type":"share_button","settings":{"share_facebook":true,"share_twitter":true,"share_pinterest":true}}},"block_order":["vendor","title","9472002a-3515-48ee-83e0-684c2bd27a37","price","variant_picker","a0368330-e7e0-42c9-a2fc-49acaf4a31f3","description","quantity_selector","buy_buttons","share","collapsible-row-1","53d1b536-e8c6-416b-81ae-5537d48a8356"],"settings":{"enable_sticky_info":true,"gallery_layout":"thumbnail_slider","media_size":"small","mobile_thumbnails":"show","hide_variants":false,"enable_video_looping":false,"enable_desctab":true,"padding_top":0,"padding_bottom":60}},"product-recommendations":{"type":"product-recommendations","settings":{"heading":"You may also like","image_ratio":"adapt","show_secondary_image":true,"show_vendor":false,"show_rating":true,"display_product_type":false,"show_variants":true,"picker_type":"button","show_colorswatch":true,"padding_top":40,"padding_bottom":0}}},"order":["main","product-recommendations"]}